{
  "USA": {
    "Cassville, MO, USA": [
      36.6770111,
      -93.86881089999997
    ],
    "Liberty, MO, USA": [
      39.2461138,
      -94.41911770000002
    ],
    "Granite City, IL, USA": [
      38.7014389,
      -90.1487199
    ],
    "Morris, IL, USA": [
      41.357254,
      -88.4211785
    ],
    "San Manuel, AZ, USA": [
      32.5997933,
      -110.63092890000001
    ],
    "Freehold, NJ, USA": [
      40.224382,
      -74.29905099999996
    ],
    "Mount Holly, NJ, USA": [
      39.9931438,
      -74.7879393
    ],
    "Charlotte, NC, USA": [
      35.2270869,
      -80.84312669999997
    ],
    "Choctaw, AR, USA": [
      35.5275777,
      -92.43987960000004
    ],
    "Brownsville, TN, USA": [
      35.5939671,
      -89.262291
    ],
    "Brady's Bend, PA, USA": [
      40.9964526,
      -79.62949170000002
    ],
    "Athens, GA, USA": [
      33.9519347,
      -83.35756700000002
    ],
    "Medford, MA, USA": [
      42.4184296,
      -71.10616390000001
    ],
    "Parsons, KS, USA": [
      37.34033840000001,
      -95.2610838
    ],
    "Bloomington, IN, USA": [
      39.165325,
      -86.52638569999999
    ],
    "Wolf Creek, IL, USA": [
      37.6267172,
      -89.05285300000003
    ],
    "Lewiston, PA, USA": [
      40.5992395,
      -77.57138199999997
    ],
    "Waterbury, CT, USA": [
      41.5581525,
      -73.05149649999998
    ],
    "Big Rock, TN, USA": [
      36.5806054,
      -87.760019
    ],
    "Greenbrier, AR, USA": [
      35.2339712,
      -92.387655
    ],
    "Garberville, CA, USA": [
      40.1000828,
      -123.79491999999999
    ],
    "Grand Saline, TX, USA": [
      32.6734636,
      -95.70940689999998
    ],
    "Virginia Beach, VA, USA": [
      36.8529263,
      -75.97798499999999
    ],
    "Carlisle, PA, USA": [
      40.2025,
      -77.195
    ],
    "Decatur, AL, USA": [
      34.6059253,
      -86.98334169999998
    ],
    "Crossville, TN, USA": [
      35.9489566,
      -85.02690139999999
    ],
    "Rolla, MO, USA": [
      37.948544,
      -91.7715303
    ],
    "Wadesboro, NC, USA": [
      34.9682097,
      -80.07672660000003
    ],
    "Everett, MA, USA": [
      42.40843,
      -71.05366249999997
    ],
    "Remus, MI, USA": [
      43.5965285,
      -85.1454554
    ],
    "St. Amant, LA, USA": [
      30.2246409,
      -90.868986
    ],
    "Warrensburg, MO, USA": [
      38.7627893,
      -93.73604979999999
    ],
    "Anderson, SC, USA": [
      34.5034394,
      -82.65013320000003
    ],
    "North Tonawanda, NY, USA": [
      43.038668,
      -78.86420329999999
    ],
    "Brownsville, IL, USA": [
      38.038654,
      -88.24273699999998
    ],
    "Warrenton, VA, USA": [
      38.7134516,
      -77.7952712
    ],
    "South Manchester, CT, USA": [
      41.7759301,
      -72.52150089999998
    ],
    "Drayton, ND, USA": [
      48.57109579999999,
      -97.17784849999998
    ],
    "Sylvan Lake, NY, USA": [
      41.6086642,
      -73.74043059999997
    ],
    "Edina, MN, USA": [
      44.8896866,
      -93.34994890000002
    ],
    "Woodbury, NJ, USA": [
      39.83816909999999,
      -75.15267740000002
    ],
    "Boone, IA, USA": [
      42.0597047,
      -93.8802273
    ],
    "Spring Hill, KS, USA": [
      38.7430645,
      -94.82551660000001
    ],
    "Milligan, NE, USA": [
      40.500672,
      -97.38802570000001
    ],
    "Clinton County, PA, USA": [
      41.3331937,
      -77.65361250000001
    ],
    "Walnut Creek, CA, USA": [
      37.9100783,
      -122.06518189999997
    ],
    "Oroville, CA, USA": [
      39.5137752,
      -121.55635899999999
    ],
    "Beeville, TX, USA": [
      28.4008319,
      -97.7483312
    ],
    "Camden County, NJ, USA": [
      39.8592439,
      -75.01438239999999
    ],
    "Peekskill, NY, USA": [
      41.2900939,
      -73.9204158
    ],
    "DeQuincy, LA, USA": [
      30.4504779,
      -93.43321889999999
    ],
    "Butte, MT, USA": [
      46.0038232,
      -112.53477759999998
    ],
    "Wilmington, DE, USA": [
      39.7390721,
      -75.5397878
    ],
    "Columbus, MS, USA": [
      33.4956744,
      -88.42726270000003
    ],
    "Los Alamitos, CA, USA": [
      33.8030716,
      -118.07256410000002
    ],
    "Panola, AL, USA": [
      32.9506839,
      -88.2689206
    ],
    "Jasper, FL, USA": [
      30.5182727,
      -82.94819000000001
    ],
    "Chatham Hill, VA, USA": [
      37.30096899999999,
      -79.98753920000001
    ],
    "Lower Merion, PA, USA": [
      40.0249667,
      -75.2829046
    ],
    "Kemmerer, WY, USA": [
      41.792447,
      -110.53766919999998
    ],
    "Vallejo, CA, USA": [
      38.1040864,
      -122.2566367
    ],
    "Groton, OH, USA": [
      41.3161935,
      -82.79941939999998
    ],
    "Dubuque, IA, USA": [
      42.5005583,
      -90.66457179999998
    ],
    "Naperville, IL, USA": [
      41.748056,
      -88.16555599999998
    ],
    "Southgate, KY, USA": [
      39.072005,
      -84.47271949999998
    ],
    "Moultrie, GA, USA": [
      31.1799407,
      -83.78883869999999
    ],
    "Calumet, MI, USA": [
      47.246667,
      -88.453889
    ],
    "Carbon County, PA, USA": [
      40.901975,
      -75.66735599999998
    ],
    "Hazleton, PA, USA": [
      40.9584181,
      -75.97464719999999
    ],
    "North Little Rock, AR, USA": [
      34.769536,
      -92.26709410000001
    ],
    "Marietta, GA, USA": [
      33.95260200000001,
      -84.5499327
    ],
    "Ipswich, MA, USA": [
      42.6791832,
      -70.84115580000002
    ],
    "Oregon City, OR, USA": [
      45.3573429,
      -122.60675830000002
    ],
    "Warwick, MD, USA": [
      39.4167785,
      -75.7782679
    ],
    "Lake Charles, LA, USA": [
      30.2265949,
      -93.21737580000001
    ],
    "Jarbalo, KS, USA": [
      39.2019454,
      -95.06913409999999
    ],
    "Independence, MO, USA": [
      39.0911161,
      -94.4155068
    ],
    "Dover, DE, USA": [
      39.158168,
      -75.52436820000003
    ],
    "Holden, WV, USA": [
      37.8242695,
      -82.05957269999999
    ],
    "Fairfax, VA, USA": [
      38.84622359999999,
      -77.30637330000002
    ],
    "Green Cove Springs, FL, USA": [
      29.9919085,
      -81.67814670000001
    ],
    "Fall River, KS, USA": [
      37.6078166,
      -96.02804259999999
    ],
    "Silvermine, CT, USA": [
      39.203416,
      -84.23130800000001
    ],
    "Webster Groves, MO, USA": [
      38.5925524,
      -90.3573389
    ],
    "Wewahitchka, FL, USA": [
      30.1127004,
      -85.20047160000001
    ],
    "Fort Riley, KS, USA": [
      39.088346,
      -96.813939
    ],
    "Monroe, LA, USA": [
      32.5093109,
      -92.1193012
    ],
    "Dothan, AL, USA": [
      31.2232313,
      -85.39048880000001
    ],
    "Tarboro, NC, USA": [
      35.8968236,
      -77.53580490000002
    ],
    "Buckeye, AZ, USA": [
      33.3703197,
      -112.58377659999996
    ],
    "East Boston, MA, USA": [
      42.37021370000001,
      -71.03886009999997
    ],
    "Lyons, IN, USA": [
      38.9892123,
      -87.08223220000002
    ],
    "Gloucester, MA, USA": [
      42.6159285,
      -70.66198880000002
    ],
    "Highland Park, MI, USA": [
      42.4055925,
      -83.09686799999997
    ],
    "Punxsutawney, PA, USA": [
      40.9436753,
      -78.97086680000001
    ],
    "Meadville, PA, USA": [
      41.6414438,
      -80.15144839999999
    ],
    "Manteca, CA, USA": [
      37.7974273,
      -121.21605260000001
    ],
    "McAllen, TX, USA": [
      26.2034071,
      -98.23001239999996
    ],
    "Kinston, NC, USA": [
      35.2626635,
      -77.58163530000002
    ],
    "Miami Lakes, FL, USA": [
      25.9087056,
      -80.3086619
    ],
    "Clinton, CT, USA": [
      41.2882208,
      -72.52880340000002
    ],
    "Monrovia, CA, USA": [
      34.1442616,
      -118.00194820000002
    ],
    "Salem, MA, USA": [
      42.51954,
      -70.89671550000003
    ],
    "Woodstock, GA, USA": [
      34.1014873,
      -84.5193754
    ],